{"cameraMode":{"drawMode":0,"name":"Shaded","section":"Shading Mode"},"sceneLighting":true,"audioPlay":false,"sceneViewState":{"showFog":true,"showMaterialUpdate":false,"showSkybox":true,"showFlares":true,"showImageEffects":true,"showParticleSystems":true},"in2DMode":false,"pivot":{"x":2.3661046028137209,"y":4.727147579193115,"z":-5.977028846740723},"rotation":{"x":0.041461970657110217,"y":-0.9488672614097595,"z":0.14080189168453217,"w":0.2795243561267853},"size":5.659674644470215,"orthographic":false}